calcn_r_Right_GRF_Fx,calcn_r_Right_GRF_Fy,calcn_r_Right_GRF_Fz,calcn_r_Right_GRF_px,calcn_r_Right_GRF_py,calcn_r_Right_GRF_pz,calcn_r_Right_GRF_Tx,calcn_r_Right_GRF_Ty,calcn_r_Right_GRF_Tz,calcn_l_Left_GRF_Fx,calcn_l_Left_GRF_Fy,calcn_l_Left_GRF_Fz,calcn_l_Left_GRF_px,calcn_l_Left_GRF_py,calcn_l_Left_GRF_pz,calcn_l_Left_GRF_Tx,calcn_l_Left_GRF_Ty,calcn_l_Left_GRF_Tz
8.17113181583349,12.5833274093061,2.78853454679666,0.0243912343561627,0.010027159043714,0.0116871511545274,0,1.99796302781087,0,0,0,0,0.0465187599526372,0.0227152936792699,0.0222831717655146,0,0,0
18.4145713020519,24.6940021720311,8.53843458013594,0.0287980134905773,0.00777527139976806,0.0165205474175762,0,3.57287277339414,0,0,0,0,0.0501141279905229,0.0246097061649321,0.0229195896749296,0,0,0
28.6167731110893,53.718567179734,15.2441095046073,0.03491526626283,0.00556236268644279,0.018817177446592,0,4.51517876726852,0,0,0,0,0.0535188208556505,0.0264188418071788,0.0238235189476902,0,0,0
36.3671053054805,93.1007771741618,21.5272552734872,0.0401714538584068,0.00343563253111689,0.016202796113447,0,4.6268147886132,0,0,0,0,0.0566905250452995,0.0280541848635804,0.0249871089252988,0,0,0
45.4087276272938,130.774058874851,24.7789410953731,0.0394208719158307,0.00184548706934413,0.0151597626379386,0,4.21444333964482,0,0,0,0,0.0596974297964391,0.0293540660055106,0.0263908504156587,0,0,0
57.8220296560771,151.618910777418,24.4810880131276,0.0384335950486282,0.00133482450300107,0.0148002694158545,0,3.23580432894795,0,0,0,0,0.0623678483239551,0.0302979178785387,0.0278130976916885,0,0,0
67.2674273582254,151.498644222107,26.3094178562404,0.0367702381722636,0.00218086457144096,0.0143969928343633,0,1.77920122244975,0,0,0,0,0.064879666638824,0.0309375142693398,0.0292328175422964,0,0,0
70.5286744704628,146.254978864272,32.6118604490672,0.0351240133634923,0.00302095004279706,0.0144630564602737,0,2.12123257795901,0,0,0,0,0.0674015920163778,0.0313080803995177,0.0305790185848691,0,0,0
74.5582062293559,134.732631828215,41.5028279988087,0.033331354734721,0.00358390259294684,0.0150130212725001,0,3.4855917307997,0,0,0,0,0.0693442188671973,0.0311665606889949,0.0317688871169968,0,0,0
72.4707499869128,141.557699619015,46.7594879118167,0.0325826121145463,0.00389874427459452,0.0158679469620329,0,4.96130585225618,0,0,0,0,0.0711247242871635,0.0308338971864466,0.0327957268840699,0,0,0
68.3724601814573,153.622571706474,45.5268788407062,0.0329779119880166,0.00413860786617311,0.0167742314125772,0,4.11451075661959,0,0,0,0,0.0729602568689604,0.0303573871435146,0.0335432274052604,0,0,0
49.1161274622334,173.54968055274,38.128997292251,0.0317325471037268,0.00410220853168736,0.0178749489199719,0,2.7921811782077,0,0,0,0,0.0739429439407105,0.0294293465851466,0.033916426075988,0,0,0
31.9256197002699,185.347480622867,35.1375173023728,0.0305142298115632,0.00399169579211803,0.0186423685912806,0,3.06808586991173,0,0,0,0,0.0747162199114148,0.0283647077888944,0.0339876381109176,0,0,0
24.901552690974,187.706843824958,34.3076785210417,0.0298192463510732,0.00391311975676587,0.0192384571627174,0,2.56421810919157,0,0,0,0,0.0754407406856886,0.0271785984754931,0.0336622916448368,0,0,0
25.7814462390334,175.997803766883,36.3957942190854,0.0294550632226932,0.00375918970138906,0.0194888149169912,0,2.05863207174385,0,0,0,0,0.0754405620941717,0.0257450944780628,0.0328453516340432,0,0,0
27.7193339637798,147.419701720954,39.1118627796113,0.0294745417603054,0.00367809367825221,0.0195380190719517,0,1.77551096583575,0,0,0,0,0.0750639030106384,0.0242075042551597,0.0316528846255931,0,0,0
27.6469106538309,122.190774785269,41.4582859261629,0.0291710892721458,0.00364647669734211,0.0194906296076855,0,1.83204186556295,0,0,0,0,0.0745650300123966,0.0226678591077953,0.0301712853282321,0,0,0
25.9617506290021,87.0385626124731,42.8973552798278,0.0287888280412975,0.00364395198175541,0.0192943903855763,0,1.67520668956416,0,0,0,0,0.0734844860273968,0.0211071283968951,0.0283599151639947,0,0,0
23.3687383892002,50.3071650268681,41.9604638416657,0.0288446404075714,0.00371138245856832,0.0189878518813652,0,1.2545862165843,0,0,0,0,0.0644185025433878,0.0358043801342763,0.0184094469701404,0,0,0
23.569349805979,34.48505910916,40.835298278994,0.0287116337118334,0.00378500508758233,0.0185319776186651,0,1.09920733270686,0,0,0,0,0.0997774200856336,0.0420818274082519,0.0187846278202319,0,0,0
25.78603155956,34.3786158612025,39.366870463869,0.0283912853033076,0.00388919889403745,0.0179099316002676,0,1.2676404004935,0,0,0,0,0.130165655305315,0.0403203604867,0.0209373164597196,0,0,0
32.4999564356252,46.4703333902056,39.1166546181466,0.0268404704649038,0.00397828329585548,0.0170921280921161,0,1.67865508731531,0,0,0,0,0.127120465750202,0.0327583644735411,0.020781653362599,0,0,0
37.5178421663071,58.9795575888165,39.3007028494345,0.0256402577796615,0.00405127704404512,0.0163230108741127,0,1.95249500847764,0,0,0,0,0.123844389061968,0.0254755226378103,0.0206354011682393,0,0,0
40.9580926477298,73.6658940801926,39.8350774782385,0.0246374254649748,0.00415509351140499,0.0155858039294656,0,2.2332592511799,0,0,0,0,0.119672714499692,0.0193304262297442,0.0204641031061054,0,0,0
39.4099029975411,90.6151565407347,39.3508355780558,0.0243723459284555,0.00437261899977879,0.0149040167155904,0,2.42448253424389,0,0,0,0,0.114371105475061,0.016229333808178,0.0201312191356805,0,0,0
35.8634540591081,106.964410172563,37.9432478963096,0.0242826721947722,0.00468977885826193,0.0142054742210975,0,2.5168389957249,0,0,0,0,0.108185889126835,0.0171623744402721,0.0196536798908274,0,0,0
29.4891153345322,124.058267713183,36.1273294543083,0.0241535441220688,0.0050462303832452,0.0135179087153281,0,2.52730019490082,0,0,0,0,0.101362285294365,0.0205900432492234,0.0191003134518807,0,0,0
22.278118264436,138.934536598478,33.7147016859565,0.0238373223704185,0.00541514266804324,0.0128172048924058,0,2.37649520403175,0,0,0,0,0.0937867827835358,0.0251799523442644,0.0184424527675657,0,0,0
15.3815759489763,150.367976337275,31.422351725098,0.0235253081538109,0.00578542808544613,0.0122903291675749,0,2.29166588156717,0,0,0,0,0.0856891565116781,0.0292583931107891,0.017757077693422,0,0,0
12.0940107484283,157.274373015548,28.8339939205687,0.0231556892491561,0.00616663578553995,0.0119932694139355,0,2.38462271351543,0,0,0,0,0.077623134897761,0.0326016858723215,0.0170255903023499,0,0,0
15.2647961757533,160.143472284387,25.8099196629064,0.0229221633223089,0.00665475691667677,0.0119679431868064,0,2.58794879422286,0,0,0,0,0.0690868967247338,0.0353324038077219,0.0163078478639763,0,0,0
20.7157723022234,155.871247032412,22.0979427246001,0.0227239398003894,0.00706019320896779,0.0125914661346924,0,2.67513020495526,0,0,0,0,0.0613278437585295,0.0362968667218121,0.0156264226048266,0,0,0
25.4317520622342,146.580568908133,18.6182395608857,0.0227880645562938,0.00765091635524143,0.0135116791731347,0,2.60774925034793,0,0,0,0,0.0542931202262946,0.0365379017027036,0.0149311701366146,0,0,0
25.6728209250025,138.33762942145,15.1216386398057,0.0224609751508126,0.0084220396097495,0.0139778997812318,0,2.31454047857569,0,0,0,0,0.0472769065580345,0.035877990095805,0.0143270024662375,0,0,0
23.5849007797371,127.634126568219,11.4822729689655,0.0233018004982601,0.00958643427049147,0.0119087917516343,0,1.99286957628492,0,0,0,0,0.0416116728918561,0.0342304701898066,0.0137831253184283,0,0,0
19.3305227343919,113.197283787382,8.05787960527011,0.0254281846357047,0.010864874783844,0.0104003848005392,0,1.70673438918542,0,0,0,0,0.0372967094312657,0.0323658121854603,0.013276024796454,0,0,0
15.3467527894534,100.353613472601,6.13632818919349,0.0238373690592025,0.0110733621326432,0.0126020351475363,0,1.59385375030566,0,0,0,0,0.0331822876222026,0.0298549608377669,0.0129134037530385,0,0,0
11.7885865377466,83.5189382521105,5.06510432229397,0.0218372581251592,0.0112296501544404,0.0140430578682302,0,1.55003404242406,0,0,0,0,0.0300888249048031,0.027202616392708,0.0126700115559141,0,0,0
18.0544411388266,56.5146191371353,4.40275469051509,0.0210016529606304,0.0122762901530124,0.0173855189490159,0,1.41511191011771,0,0,0,0,0.0282389766794179,0.0251259551875785,0.0125229020931327,0,0,0
16.3228387927379,32.4418678568498,4.64909025099497,0.0210454086154455,0.0131377832626153,0.0189445612302497,0,0.953359058976882,0,0,0,0,0.0264364580800883,0.0227715582460243,0.0125342699419197,0,0,0
8.22542273930038,11.9299410595955,2.88361702257371,0.0211105122902607,0.0139502791540082,0.0205930595985238,0,0.590069945170724,0,0,0,0,0.0250680545975991,0.0206788513746351,0.0126629768952291,0,0,0
1.32936135735767e-07,2.32638237537593e-07,4.65276475075186e-08,0.0213280239592156,0.01480756822642,0.0222972881498151,0,1.99404203603651e-08,0,0,0,0,0.0243983145055317,0.0194440571058058,0.0128425332276781,0,0,0
3.95979855438168e-08,6.92964747016794e-08,1.38592949403359e-08,0.0216266399725289,0.015681856442932,0.0239766402955816,0,5.93969783157252e-09,0,0,0,0,0.0236322490875941,0.0180991013630676,0.0130786690604217,0,0,0
0,0,0,0.0220821896900195,0.016567046183255,0.0256314190416823,0,0,0,0,0,0,0.0230258584379762,0.0170383177884569,0.0133027899810403,0,0,0
0,0,0,0.0228273939997794,0.0175363063575381,0.0272100228843605,0,0,0,0,0,0,0.0225813612781343,0.0161752941254376,0.0134530482057848,0,0,0
0,0,0,0.023882841164389,0.0186032006807382,0.0286640147294345,0,0,0,0,0,0,0.0221412894111698,0.0153016809950918,0.0135260420756901,0,0,0
0,0,0,0.0252461841726967,0.0198026818448565,0.0300229953960858,0,0,0,0,0,0,0.0217430710229259,0.014469450382326,0.0135245016516103,0,0,0
0,0,0,0.0269504454950664,0.0211685479648921,0.0312699113534133,0,0,0,0,1.44125287493816e-09,4.24270971986765e-10,0.0213475387200544,0.013525734216941,0.0134747275807683,0,2.82847314657843e-10,0
0,0,0,0.0290961972487956,0.022763157474512,0.032308109097723,0,0,0,0.000767666055568862,0.002240097452012,0.000539985471629895,0.0210107078574738,0.0125971225862965,0.013347723947739,0,0.000472902591473559,0
0,0,0,0.0315159463212709,0.0245199599505999,0.0332243348538341,0,0,0,4.26232141098313,12.2012460671159,2.69962865450754,0.0208853658118208,0.011648258895669,0.0132890831507325,0,0.420021366476733,0
0,0,0,0.0341605477663662,0.0264182820864822,0.0340228996546211,0,0,0,12.7320450549057,41.3155869279401,8.20916968639097,0.0210492168329472,0.0106875784489681,0.0133443945826321,0,1.34073808893105,0
0,0,0,0.037111476578835,0.0284334362201609,0.034560057684489,0,0,0,16.0675671137372,67.8613843260694,12.7417744097429,0.0286345769900684,0.0100317352783377,0.0140348481700703,0,1.26913350269666,0
0,0,0,0.0401376190332208,0.0304194461945072,0.0349519159831544,0,0,0,20.2802925565391,97.3771889656863,18.5285886245398,0.0346506923815077,0.00890122663832554,0.014375501169718,0,1.55310596957793,0
0,0,0,0.0432223152554055,0.0323432884608887,0.0352001473576646,0,0,0,28.6814723570579,125.417750646507,24.6542989608827,0.0378102628645645,0.00712246009669836,0.0154734473050685,0,2.22678608057356,0
0,0,0,0.0465092194568698,0.0341672597661859,0.0352467073159793,0,0,0,40.6837418159926,138.044503230348,26.5398004842831,0.0407177462086526,0.0060516248468241,0.0142833618330719,0,2.63764382034907,0
0,0,0,0.0496270072720653,0.0356977178042661,0.0351639803074031,0,0,0,57.8864629119628,138.669247804861,24.2612080272386,0.0434321019938116,0.00500855707353562,0.0131243755917571,0,2.92124361491412,0
0,0,0,0.0527191084747805,0.0370613169713844,0.0349636316814837,0,0,0,71.6059004179757,137.118227544504,20.4078573419717,0.0437480546247942,0.0038191354708241,0.0123370748323059,0,2.89698931283297,0
0,0,0,0.0559224224500724,0.0382377524907738,0.0346756441216005,0,0,0,77.7998733281962,144.499702420525,21.4199932709107,0.0417100704430501,0.00279905877407164,0.0116946519165892,0,2.21030889343568,0
0,0,0,0.0586261460424917,0.0390104835946236,0.0343115970093564,0,0,0,78.6944880628106,154.824349366504,30.5403930253852,0.0390379862430097,0.00218604233806606,0.0111227717551662,0,3.01802674287418,0
0,0,0,0.0611920441795959,0.039634483488284,0.0338956597859308,0,0,0,70.9856731998062,168.216789970615,39.8097974850587,0.0374184306432765,0.00194142465658641,0.0105858185789764,0,4.28253532880761,0
0,0,0,0.0637705222443918,0.0399681895636292,0.0334716985265322,0,0,0,61.1938122649683,173.485531479829,44.4980573898312,0.0362622841278514,0.00188067677339026,0.0101868555108737,0,4.41419228844663,0
0,0,0,0.0655136405461435,0.0398627524327874,0.0328355652967323,0,0,0,38.079511343279,176.317358848049,43.8211891740505,0.032128729714638,0.00190898678782194,0.0100030266034682,0,3.93411492649939,0
0,0,0,0.0670031191105281,0.0394582238285464,0.0321051491336229,0,0,0,25.6232249124056,167.539595339723,41.2778313693536,0.0290327068045979,0.00200184136787518,0.0100007108711386,0,3.07119669010855,0
0,0,0,0.0683829951779045,0.0386411112145057,0.0313238882709016,0,0,0,24.231596815893,151.97153641472,38.2111811744081,0.0283160665845529,0.00213282680505541,0.0101572072854852,0,2.47155252723993,0
0,0,0,0.0690066458992328,0.0374253497009596,0.0302752754665502,0,0,0,26.9507824558159,122.851516743429,37.4299890629248,0.0288264191044625,0.00231878078526208,0.0103859337611967,0,2.73623228745707,0
0,0,0,0.0691991711797963,0.0358360477701066,0.0290667469392881,0,0,0,27.3389232537748,91.6551547222793,37.810515199894,0.0291681336098985,0.00248432260348724,0.0107106020476267,0,3.44362688314386,0
0,0,0,0.0692105594521059,0.0338782246343949,0.0277544398970325,0,0,0,28.9438503401996,77.4041891696731,38.1591007770074,0.028630007568319,0.00259467803620677,0.0110547371194231,0,4.38293134450157,0
0,0,0,0.068601064944601,0.031699216491357,0.02624047210717,0,0,0,30.3051310096898,63.3101622442736,37.3518188150722,0.027989473785378,0.00265379324063298,0.0114658078779337,0,5.04306220513644,0
0,0,0,0.066329926787254,0.0287895329766109,0.0230366078649801,0,0,0,31.9106974913251,54.8077242473607,34.8228944679131,0.0276015890696408,0.00262670558929412,0.0119182214257972,0,4.77278015044749,0
0,0,0,0.0805673052892026,0.058137290195048,0.0218626514388805,0,0,0,34.7215308689012,58.8042190884022,31.6550912419582,0.0270067026580698,0.00257147715787492,0.0123610089734078,0,4.03254644615195,0
0,0,0,0.0964377672896657,0.0725848798109302,0.0218146497893725,0,0,0,39.5145990813086,64.7170103203734,28.2538902056597,0.0258059533971312,0.00249461164014497,0.0128178732630967,0,3.10764556932487,0
0,0,0,0.120171175443923,0.034918583694409,0.0232719328900822,0,0,0,46.7404100699559,68.1607245137663,27.3681369576028,0.0239770045549622,0.00239393104786134,0.0133120020109248,0,2.31778992206811,0
0,0,0,0.126208296665509,0.0318559584333415,0.0245109718008613,0,0,0,49.2844127239598,72.0561298811515,27.3902042310567,0.0229739897426701,0.00228080205274736,0.0137978270539297,0,1.89775104752308,0
0,0,0,0.122968776109005,0.023023450965875,0.0232481081940655,0,0,0,48.4508657089737,79.6029076906684,28.2613288426353,0.0224307118411927,0.00216978137978377,0.0143007557900252,0,1.93530941009706,0
0,0,0,0.118585238969085,0.0160938195283929,0.021815043332188,0,0,0,42.6022210160717,87.148040814843,27.8813732298312,0.0224114571710356,0.00207851718072163,0.0147592249470513,0,2.29395231507224,0
0,0,0,0.113225274189252,0.0134633478945958,0.0203167515704928,0,0,0,36.0873478118825,94.9574709656081,26.5136015881227,0.0222796150594941,0.00205679201346878,0.0150875989690302,0,2.37475461445124,0
0,0,0,0.1070911769581,0.0161818322140353,0.0188157546427956,0,0,0,28.1758963074427,106.059619276452,24.9847092786695,0.0220008681738006,0.00209286994145406,0.0153340170094667,0,2.37888863379849,0
0,0,0,0.100159158985311,0.0214634177263771,0.0173519590782889,0,0,0,21.324474517572,114.815925215091,23.4614377360603,0.0215063267712953,0.00222860168441921,0.0154715477648927,0,2.29025997560575,0
0,0,0,0.0925860479730623,0.0266277212816232,0.0159806366404576,0,0,0,14.9020569948065,122.129146998062,21.8869971163559,0.0212350981168979,0.00236894355004297,0.0155913724481223,0,2.15577385282192,0
0,0,0,0.0850186990532156,0.0309631270186928,0.0147962557107928,0,0,0,14.0910198786495,124.429125464246,19.8954977439835,0.0212483979043984,0.00257676158479908,0.015677607264109,0,2.00717166137698,0
0,0,0,0.0769046178788986,0.0346470836506663,0.0136861189006519,0,0,0,17.4302658303976,123.3960996496,17.5391879966652,0.0217166140974268,0.00290129550569275,0.0157143560023404,0,1.87816810981453,0
0,0,0,0.0692986097397961,0.0365963773849183,0.0127603116499579,0,0,0,21.0727755478963,119.145928955618,15.3620385692802,0.0222285329127039,0.00331156644502474,0.0157608608616009,0,1.77427678929207,0
0,0,0,0.0624357314858392,0.0376555735042734,0.0120649593901171,0,0,0,24.448156207834,108.99531281309,13.6272841458282,0.0224632823617666,0.00368917768971831,0.0160309618273348,0,1.690150809156,0
0,0,0,0.055458462057018,0.0377638685876767,0.0114071027922483,0,0,0,24.4847452857582,102.862319016447,11.5308165411779,0.0220516065427412,0.00390459557346845,0.01615738314809,0,1.56193291055133,0
0,0,0,0.0495246277132256,0.0368267534830664,0.0108773797358509,0,0,0,23.5223239351882,96.4891841031612,9.72200470045897,0.0217263377047038,0.00408743569544488,0.020162928622756,0,1.45752048181459,0
0,0,0,0.0448792417624934,0.0355973496726205,0.0104990449784281,0,0,0,20.9610509181634,86.6921583993018,7.70102511233456,0.0213885439471082,0.00442925414156096,0.0346180592293727,0,1.39566912559078,0
0,0,0,0.0403423463323827,0.0336266741169109,0.0101642368190079,0,0,0,18.5325212966193,77.4765643323358,5.94918715167206,0.0218589945559937,0.00491623424893143,0.0226627381966306,0,1.33640441778584,0
0,0,0,0.0366983757358167,0.0313690958652233,0.00987120124966257,0,0,0,17.4562911298551,65.0459979932057,4.28078339478952,0.0232042214345343,0.00579418663706029,0.0137960867842975,0,1.37513386532576,0
0,0,0,0.0342995608498554,0.0295298761094618,0.00962242499530495,0,0,0,27.1449059675752,41.5523773842758,3.10882604199072,0.0242575355528145,0.00662713310997839,0.0117614760403531,0,2.17148454551177,0
0,0,0,0.0320018216609552,0.0272993488593371,0.00945514428631866,0,0,0,27.4350791249154,22.493617387869,3.6612939459114,0.0251979065313564,0.00746008308042483,0.0126328274745075,0,2.75468251347016,0
0,0,0,0.0301680179638798,0.0251909962092679,0.00932499072366399,0,0,0,15.6706891513801,7.92290385466652,2.35459922225742,0.0261861653385664,0.00836186960822989,0.0136313137162228,0,1.76145050088229,0
0,0,0,0.0291872814611601,0.0236754431218141,0.00924154484034049,0,0,0,0,0,0,0.0272353366674,0.00926258714378704,0.0147112107500806,0,0,0
0,0,0,0.028166070821882,0.0220356055596288,0.00923144086900137,0,0,0,0,0,0,0.0284087738542581,0.0101974908798487,0.0157263910907016,0,0,0
0,0,0,0.027366669089941,0.020616848873187,0.00926316035962947,0,0,0,0,0,0,0.029676625127002,0.0111444742800263,0.0167698317740475,0,0,0
0,0,0,0.0268270022618099,0.0193273456198102,0.00935536573049047,0,0,0,0,0,0,0.0311377759023396,0.0120850981338878,0.0178177692562589,0,0,0
0,0,0,0.026312186275619,0.0181206530458087,0.00946062805800956,0,0,0,0,0,0,0.0328277285701302,0.0130680816528614,0.0189293918504096,0,0,0
0,0,0,0.0258771280873408,0.017009006114566,0.00958271316405937,0,0,0,0,0,0,0.0346957109454516,0.0140803768786581,0.0201504762307525,0,0,0
0,0,0,0.0254415989859126,0.0158381903703257,0.00972663764410193,0,0,0,0,0,0,0.0368575704326199,0.0151831026382692,0.0214701526774283,0,0,0
0,0,0,0.0250097066123633,0.0147957091599077,0.00983752262128457,0,0,0,0,0,0,0.0392831880604019,0.0164111064578566,0.0230746315797538,0,0,0
1.69130589725655,4.07435205298245,0.52514442130799,0.02457810328765,0.0137850192844877,0.00994327996125075,0,0.622336410755133,0,0,0,0,0.0418751769227362,0.0177650247685319,0.0248823400774037,0,0,0
5.00484602766747,12.8852800551154,1.73165636256741,0.0241209641078313,0.0127952521327179,0.0100423671976364,0,2.06341028533914,0,0,0,0,0.0446542923874933,0.0193086851496093,0.0268984877344726,0,0,0
