pelvis_tilt,pelvis_list,pelvis_rotation,pelvis_tx,pelvis_ty,pelvis_tz,hip_flexion_r,hip_adduction_r,hip_rotation_r,knee_angle_r,knee_angle_r_beta,ankle_angle_r,subtalar_angle_r,mtp_angle_r,hip_flexion_l,hip_adduction_l,hip_rotation_l,knee_angle_l,knee_angle_l_beta,ankle_angle_l,subtalar_angle_l,mtp_angle_l,lumbar_extension,lumbar_bending,lumbar_rotation,arm_flex_r,arm_add_r,arm_rot_r,elbow_flex_r,pro_sup_r,wrist_flex_r,wrist_dev_r,arm_flex_l,arm_add_l,arm_rot_l,elbow_flex_l,pro_sup_l,wrist_flex_l,wrist_dev_l
1.19558463900188,1.99017513229176,2.4844971287157,0.0500848336898756,0.00414045771773684,0.0396571023950347,0.954344253584697,1.41597967724392,2.02631986557045,1.5483812242984,0.0270243549723004,0.252055682867686,0,0,1.19116854129784,0.962086107186554,0.406941980277956,2.95173368791496,0.0515174734180602,1.3230605992256,0,0,2.56102903718962,1.72763985194515,3.09251292474641,1.2259607542186,5.43119540592432,1.21520758834588,5.27472198552903,0.709617634074614,0,0,1.15449406374817,1.54841758279252,2.67497602026635,1.68852754313152,1.05547760078251,0,0
1.19863914172446,1.99302160460074,2.52316759125411,0.0502909056893628,0.00398774047104744,0.0396870468461443,0.930452483142403,1.41363589794881,1.87209017918515,1.78083294004886,0.0310813954452331,0.455073627712634,0,0,1.10731172259486,0.847809763297679,0.643861256901028,2.95901187945591,0.0516444981842319,1.03391700349886,0,0,2.59321655186659,1.75039659822404,3.06730963661206,1.39182237137656,5.54134117537702,1.13040943878141,5.185067656172,0.68711706786376,0,0,0.875700870902207,1.79097031315643,3.67830221865075,1.90533834750846,1.07850135807267,0,0
1.21039238729618,2.01385588318082,2.55447330626421,0.0504712704564253,0.00381347384827468,0.0396758330950047,0.890633282139006,1.44983255304059,1.8239185109747,2.02943724657548,0.0354203567045321,0.697098761466348,0,0,1.12266153673442,0.776366533732519,0.843668971413381,2.96500757738557,0.0517491437467918,0.810655586080595,0,0,2.58965657733043,1.7800932465576,3.00789517911336,1.56877627075921,5.61041623132004,1.11115016957008,5.05483100005716,0.62475675909066,0,0,0.73880070051257,1.98361470195178,4.48872532485396,2.26948757884642,1.12946009557909,0,0
1.22784045660662,2.04545078397801,2.57817908887459,0.0506308428858693,0.00365205778993737,0.0396280373935835,0.837104037743797,1.51844439282984,1.85327093151916,2.28627362918837,0.0399029996428637,0.96891106635936,0,0,1.23473278493819,0.744726218058831,0.996312083207105,2.97850960604345,0.0519848035186583,0.64803387032833,0,0,2.55434099816269,1.80799007415919,2.91184787051446,1.76486187857245,5.64357218837993,1.09514542589668,4.88712105318976,0.528097176742085,0,0,0.85082906833517,2.13563050722943,5.1421552323943,2.76408987099745,1.20485865269555,0,0
1.2035528658111,2.07984876176291,2.64757737720101,0.0508334427718223,0.00364651160698258,0.0396897088556559,0.862112996297048,1.63978043459618,1.86057148381226,2.51359766525942,0.0438705564381294,1.33726057769834,0,0,1.32704113713554,0.690441988092343,1.26024140653808,2.96624399490374,0.0517707286673191,0.472920483808278,0,0,2.46055677259343,1.83506579390627,2.83142015313866,1.9487380603517,5.71426386973367,1.1297733862759,4.7802612025404,0.487088636034219,0,0,1.03402780893757,2.28384636355698,5.59725406109292,2.93739173563544,1.21292732659726,0,0
1.06917804869216,2.06824961229787,2.72271484708659,0.0510736510285156,0.00380606825424748,0.0397988611351718,0.899675237847961,1.70203744714147,1.84106816385603,2.68870486744621,0.0469267543558959,1.68333065462656,0,0,1.2813383228204,0.59110449520488,1.56698598972314,2.96383073111019,0.0517286060527389,0.564306447773388,0,0,2.36206657547879,1.81009036169245,2.78028563709705,2.11216085948534,5.7349828261053,1.29108018317759,4.62353310381043,0.451162733383401,0,0,1.21439582837677,2.42239610959573,5.99147054427925,3.1543741406688,1.19084312082495,0,0
0.921086990665474,2.04932343342488,2.79370755751,0.051308322972159,0.0040063440827075,0.0399109981256586,1.01205866588088,1.74878346050327,1.78945278439898,2.81762110364177,0.0491767657845313,1.97808388602276,0,0,1.25240916671707,0.52331533919099,1.86928471320501,2.96491263362861,0.0517474837952593,0.6643895347564,0,0,2.30106005529471,1.7734063410369,2.75840095940802,2.27184868235688,5.70894961861968,1.54647988685527,4.44101322499474,0.41587593155778,0,0,1.40430750137577,2.55118892146803,6.37885794533489,3.4080221747144,1.15848176772211,0,0
1.36119852550812,2.17683413937184,2.73995171450019,0.0511339891202719,0.0032017815934784,0.0396176373564032,1.25344259846934,1.79639265572162,1.62575962449745,2.68775720399767,0.0469102140816371,1.55812641406303,0,0,0.990407075879011,0.542342696638382,1.74770146076322,2.72082544340564,0.047487359589515,0.282109355712608,0,0,2.93783596365247,1.91350151250931,2.8471902565238,2.49503203562275,5.52867274978811,1.75041940387236,4.52676932152744,0.344583363731272,0,0,1.63657474161336,2.67741577949451,6.97056097831531,3.6729229026439,1.28401925158736,0,0
1.31329517463968,2.13053122647709,2.69772374216969,0.0511896042118051,0.00325276792301107,0.0394658621012129,1.06042283999104,1.77049272188014,1.49919611866329,2.64765067509457,0.0462102241531208,1.68444663679048,0,0,1.0440699484636,0.630025229508429,1.77573675023938,2.73808350199703,0.0477885704502321,0.670190535820597,0,0,2.9440864572451,1.8539596748764,2.69760957095876,2.78215611844722,5.32631227431975,1.78412856455827,4.47842231646804,0.306524445751443,0,0,1.80641691464196,2.89194002669653,7.26833994650651,4.24591524670363,1.290850403696,0,0
1.03371592598547,2.02746714443931,2.70560070391275,0.0514029778363606,0.00384335164548495,0.0394406658438263,0.57293054971125,1.78302380948081,1.41368531936356,2.66594018511415,0.0465294369466038,2.27956350372329,0,0,1.50031022225566,0.860163374539532,1.97761624007069,2.91370652272963,0.0508537704953355,1.14645675159889,0,0,2.55504351383439,1.72045869888365,2.41319728409304,3.07933701887957,5.16945551262441,1.75872644768302,4.32783947307617,0.297180991347498,0,0,1.93538858050712,3.11800665248206,7.45767157724516,4.89038677477597,1.24582979569905,0,0
1.1076058318838,2.18047238362276,2.79183260016181,0.0513867356107738,0.0034107751631335,0.0393862198015149,1.13298624709785,1.95989671416893,1.40930897062379,2.50161166085713,0.043661360407935,2.13525981381518,0,0,1.45217993795767,0.93290879337435,2.14783160708756,2.80318452151259,0.0489247970036505,1.10905294153011,0,0,2.57303940826526,1.86235882659929,2.42880348350986,3.12178728581784,5.13349909926811,1.76776299218527,4.17702742329998,0.250730749373567,0,0,2.07307996795743,3.07508640355597,7.82432627027934,4.35553790229072,1.20842629628769,0,0
1.08817167913502,2.21481204255184,2.83741359392007,0.0513861801899873,0.00331186316879028,0.0392918589074893,1.26815006337049,1.99802375346359,1.37353425642934,2.2917060383734,0.0399978153643073,2.12089893663947,0,0,1.3711072496612,1.02143799129199,2.25034188507641,2.7776108920173,0.0484784535060361,1.39977028935176,0,0,2.63252192452823,1.90092288776051,2.38153005482079,3.25153031750157,4.98939812534937,1.97584055832427,4.20148789690951,0.234211941604138,0,0,2.09375559160463,3.03777533270793,7.75360708266512,4.22628161238323,1.13312148890973,0,0
1.11651345898209,2.22220221970814,2.8630567862353,0.0513480713150723,0.00319103462543448,0.0391556336284593,1.34712993142133,1.99652315742999,1.32539922840041,2.03415019701107,0.0355026184485301,2.12631461677843,0,0,1.23303536579446,1.10674308124264,2.29296570948394,2.7595090843065,0.0481625170459948,1.77392986700839,0,0,2.75656090878989,1.91810461154011,2.303456038024,3.43472427092976,4.7926138268303,2.15051363267688,4.43128131740636,0.241105424091718,0,0,2.07730840802297,3.03355003328343,7.58680418960287,4.25809731772689,1.06322315688293,0,0
1.13353404834418,2.30683266507556,2.87886742288887,0.0512560854958965,0.00298153388425569,0.0389623358301399,1.38173050360121,2.11789168004467,1.36970487158976,1.91153193173311,0.0333625232350204,2.00993862566182,0,0,1.54781810356089,1.30315306929921,2.31476885050811,2.73587104550453,0.0477499567302217,2.0292489861503,0,0,2.62178865973587,2.01119262446566,2.18644930009896,3.49991674744386,4.56396464265626,1.81878554629451,4.68908497985095,0.296877704047539,0,0,2.22857022812366,3.15049179002799,7.76817870458816,4.23468710688129,1.03070007753147,0,0
0.949827067849225,2.31974551795145,2.88672803789275,0.0512012228193322,0.00308139996390452,0.0387805819710412,1.32906452538668,2.14873652889168,1.4785278713919,1.7773102592591,0.0310199128184665,1.89997729817291,0,0,1.56905205546292,1.41884376225026,2.31624305771164,2.74545160976494,0.0479171711020025,2.42193315436497,0,0,2.47112972758069,2.03490032428196,2.15364377273924,3.51563811968388,4.38074367031752,1.88210748724132,4.76812004219363,0.334664771453985,0,0,2.2573561379823,3.10261186006069,7.55218801743742,4.22215808048469,0.929893329976467,0,0
0.81009859820982,2.33317192975881,2.88807651328825,0.0511378516516278,0.00317215627836352,0.0385805080008231,1.34955778085296,2.1730727888236,1.62721160646626,1.65004941957622,0.028798793537436,1.77709812476953,0,0,1.63630321274207,1.51269312980937,2.29040715021773,2.7600998587824,0.0481728334460541,2.84436781714382,0,0,2.36866963021517,2.05626513797041,2.154762385705,3.54078222424784,4.24905493442024,1.93433049142455,4.82828672223112,0.367702058378033,0,0,2.283268596989,3.02037551156281,7.29366652564078,4.28851883379297,0.828361056230857,0,0
0.619890517169503,2.36949368120399,2.92741846421868,0.0510964665707159,0.00323130310709869,0.0383637939457395,1.22879260363259,2.21855850244849,1.64196857211139,1.58812501898459,0.027718008005315,1.61600478189511,0,0,1.92184290840903,1.63818187756142,2.32391251658031,2.78144636729615,0.0485454018573023,3.05260328607422,0,0,2.09574954394478,2.11107196027426,2.09968501787793,3.55883224180092,4.20999352725704,1.83869098208638,4.99274249582102,0.414054276755753,0,0,2.38874173805713,2.99375475539886,7.22134103701432,4.33656218504961,0.749954020246716,0,0
0.626156214871727,2.38243154434581,2.93018575744651,0.0509373721617518,0.00312201845709658,0.0380566284371475,1.25702793308277,2.25946329464974,1.69385871254071,1.59073190121427,0.0277635072364691,1.47457884022589,0,0,1.96544236727509,1.72910098398178,2.22714789961209,2.75892147416539,0.0481522655826362,3.35186041137074,0,0,2.03733096087215,2.12169882797768,2.13472778286167,3.61522128201951,4.19707588415857,1.75368740267174,5.28710964928702,0.424060599285029,0,0,2.47186829444764,2.99476635984712,7.22033751586894,4.33436810766344,0.694176085152666,0,0
0.725065642885976,2.37752713027118,2.89735092669695,0.0507000323380129,0.00292472519141637,0.0377262176444054,1.40663416674446,2.27537017492231,1.74713376249288,1.6492999238223,0.0287857140947002,1.36989683359871,0,0,1.83023598086417,1.77759973918626,2.03928990109963,2.69219080229512,0.0469875908461595,3.68710252824143,0,0,2.13082197579681,2.11328653238696,2.23034893129173,3.72991406405628,4.20759768120237,1.75011462943678,5.65432648695997,0.379912411824439,0,0,2.50889493780538,3.03914893187957,7.23613416761497,4.27731954971033,0.740887073110062,0,0
0.746471127015225,2.34364672603304,2.8754051266525,0.050416769116814,0.00283754455398491,0.0374884719154921,1.5028484543492,2.24536840261204,1.75862359901016,1.76093651010487,0.0307341425623897,1.30630710815373,0,0,1.63283590339089,1.78079464748885,1.87248706993136,2.61307995962176,0.0456068459691102,3.85262388200202,0,0,2.18367313332178,2.09107563129184,2.29526138478126,3.83029368692811,4.16052583126098,2.22008190850476,6.06487894593051,0.436766847483219,0,0,2.49533503059013,3.16328127902031,7.27797869266847,4.19201281650926,0.999158249350607,0,0
0.675796183029991,2.33702611367642,2.91338038972816,0.0502142426053728,0.00291813324140013,0.0372715277809227,1.44655345250861,2.2553943858635,1.89146890222615,1.81592538250754,0.0316938816903272,1.12264550393201,0,0,1.65258306644003,1.84606497400696,1.83228923600999,2.60707093179997,0.0455019685950084,3.91069551506901,0,0,2.13129136154393,2.10681990636031,2.38030553394063,3.91945627315064,4.47899282889096,2.48436814975183,6.39624631900912,0.663494096633231,0,0,2.52785780446801,3.12649652537667,7.20210879648569,4.18243853354031,1.1764299014466,0,0
0.612581028458148,2.32121881064816,2.94261079562573,0.0500176711417536,0.00304017803176567,0.0370566912529389,1.33169034373299,2.25248188463951,2.03295475994431,1.92121304375615,0.0335314997236335,0.953881266436652,0,0,1.86394293436981,1.88158156608271,1.80734347686026,2.62941713225785,0.0458919851717044,4.0020785731766,0,0,2.01078452804975,2.10555354703009,2.43489887780593,4.03891986069462,4.92106849075077,2.6103049480488,6.61481406370182,0.755673240955926,0,0,2.64341148596441,3.04570000145058,7.07756676181777,4.13134132038986,1.22484827635386,0,0
0.689459445921665,2.28388132755223,2.93706127229209,0.0497550691991419,0.00282398025430744,0.0368262891330714,1.39847352823617,2.22932813637941,2.0826646298722,2.06967936194193,0.0361227238775706,0.862640299989078,0,0,1.89172148197584,1.89596569868309,1.76019775865086,2.60617577050495,0.045486351300391,4.1477865692741,0,0,2.06889786102443,2.07261513591607,2.47774828551009,4.28157325430829,5.33320240887505,2.83203994239674,6.62007423298459,0.753975337585254,0,0,2.64525767670683,2.95885349295763,6.95890880769778,4.17320941872583,1.20191007687047,0,0
0.716711727554504,2.26303569116208,2.91870623891879,0.0494502088124874,0.00299937751576463,0.0366436189153983,1.42545248232461,2.19620866410119,2.0477033143081,2.23177597493867,0.0389518395952241,0.90195201313775,0,0,1.95652946099108,1.94609675500797,1.67501927242137,2.58953889118195,0.0451959853272947,4.2697326776214,0,0,2.00584587237141,2.05023912147635,2.44105214197849,4.53470357795158,5.98588417873568,3.35900536195035,6.5054801936025,0.769300371220581,0,0,2.50857404191263,2.8370905039274,6.62852405393339,3.9313321550172,1.25847870297618,0,0
0.675712105017472,2.19851406591657,2.92951982054777,0.049147077226267,0.0033023097749619,0.0365408521618313,1.35513094314244,2.12989664003614,2.11470038055008,2.3931341736528,0.0417680678638369,0.99427522667926,0,0,2.0136430664781,1.96119429154893,1.62424908791117,2.57934853583671,0.0450181312301666,4.29191548048463,0,0,1.91210670085253,1.99285274231736,2.4059726509288,4.76476566436474,6.46238867920423,3.89592873846102,6.39340933495496,0.658464944669347,0,0,2.4654364001404,2.7360911721962,6.49932860118973,3.94764931306978,1.20086099322815,0,0
0.753525053941346,2.07903207386836,2.96232396032354,0.0487512044774876,0.00318972593428096,0.0364741315477855,1.40847228987053,2.03202979066424,2.29679343736851,2.50256940911871,0.0436780700637879,0.75327112377455,0,0,1.8890562942381,1.92340965289651,1.65421826881628,2.57789450280962,0.0449927495924278,4.22623974147496,0,0,2.10049552331705,1.88799144292829,2.36819756710013,4.97228919205006,6.53255643321727,4.15401184977466,6.56925007482852,0.609617629805928,0,0,2.76568375178022,2.64771721964051,6.581069086115,3.77227964187544,1.03492715905853,0,0
1.04625555986327,2.00894414094469,2.9714429492566,0.0483387557654257,0.00300795610922464,0.0364285899816784,1.60490573913796,1.94520809123727,2.28476293417882,2.64518886678729,0.0461672550108847,0.749270129722322,0,0,2.06417521249133,1.96983484442608,1.66116678116819,2.58214781633599,0.0450669815343977,4.19111427726397,0,0,2.29490427301037,1.81482455614465,2.33380414132427,5.16062157076112,6.73600602723194,3.39965853124126,6.37620961040429,0.620965750239024,0,0,2.99583923528441,2.6525287604121,6.41634183401939,3.68693908866073,1.07446568083809,0,0
1.13730911083638,1.93302620800337,2.95854832024189,0.047941173666026,0.0031235599384486,0.0364580917785204,1.63144946463558,1.86231158050172,2.36017190377753,2.79633166642298,0.0488051970425986,0.993797776050307,0,0,2.21196849330393,1.98356821561782,1.63859298662639,2.59802217683421,0.045344041733031,4.13234196715531,0,0,2.29443473801708,1.75422433002573,2.25698147644054,5.32267583808593,6.93075676450916,2.7940923096469,6.13250978920106,0.58909375181253,0,0,3.28393506663024,2.61663043647673,6.15434165833134,3.6853409737365,1.09934448868681,0,0
1.03978004555732,1.85045781871218,2.93366027891617,0.0474530277137487,0.00335972184237049,0.0365641388675684,1.63436114519076,1.78463078546765,2.48748486477894,2.91649320898001,0.0509024130864126,1.20624842748465,0,0,2.01671288230898,2.00328091427613,1.59737851514331,2.62110488146896,0.0457469128359168,3.99932183072198,0,0,2.26130520377005,1.72067059022967,2.10869923767403,5.53693193332985,7.11330741750338,2.72526126452809,6.20520398037579,0.601530209963897,0,0,3.53104255789248,2.47905776241074,5.78129212983888,3.21528289603618,1.09985368811607,0,0
0.982688949306108,1.78274769622264,2.9022856894655,0.0470358021750547,0.00362154021588651,0.0366881149201966,1.6791095811164,1.69038725081359,2.52733277309458,3.02143231068008,0.0527339425037024,1.2642987717091,0,0,1.95782747641439,2.06032775455257,1.49190816587866,2.6492309733662,0.0462378042113897,3.82633912910221,0,0,2.15113023490721,1.67826566075991,2.04919895970985,5.63223184391021,7.17583556807216,2.65063961781238,6.09649868218202,0.629913263353113,0,0,3.82704274489887,2.19995132774464,5.18305482490455,2.93179876358187,1.11703173854724,0,0
1.15914362928736,1.7075446733532,2.83774249447181,0.046627489641278,0.00349085558848206,0.0368006231569271,1.79568203462045,1.5940379130309,2.5149087298061,3.03536757190846,0.0529771551726558,1.28442006375596,0,0,2.10353406649812,2.11566431550857,1.38561663636353,2.69916161570386,0.0471092568881422,3.62433892520514,0,0,2.23653825827452,1.625400874085,1.95803485753029,5.75185269088036,7.19881394381078,2.35749418907894,5.87389041483961,0.616034463955697,0,0,4.16857769155349,2.05442662560362,4.75814719597445,2.98557281364937,1.13909655343865,0,0
1.42977670186038,1.62418380956913,2.75911090387952,0.0461655123636257,0.00320020327468849,0.0368995359121454,1.94916094321888,1.48457674888047,2.45317201204522,2.98819694256957,0.0521538709578332,1.40448437010039,0,0,2.28635506970287,2.15894785614532,1.29013457951351,2.77322115170909,0.0484018360780217,3.37356484691093,0,0,2.49237200629811,1.574447932254,1.76024065786649,5.92840489958544,7.18045039836817,1.97887518505357,5.67431454164559,0.538987042362811,0,0,4.51848415607244,1.99415526780662,4.38325049346185,3.02174650764068,1.17400599772514,0,0
1.05110130804917,1.58694131068878,2.68901494787677,0.045839622673926,0.00395531675643378,0.0371248894439958,1.44327316681633,1.39605338263489,2.48054800470793,2.98811896098373,0.0521525123142737,1.58418421708143,0,0,2.01334859121297,2.19606998798666,1.2279610481925,2.79407558444631,0.048765816969101,3.09410396411369,0,0,2.19517140438202,1.57771150550212,1.76041618384657,5.87752736781059,6.79806540477056,1.45147406959867,5.5240975884005,0.525092727162573,0,0,4.88731330467103,1.59664641829956,3.64113086778147,2.87291836270479,1.10087715573153,0,0
0.916674773573312,1.53979717864342,2.58086942635547,0.0454885283799295,0.00428154013115905,0.0373313832816196,1.23307680652676,1.3151915134517,2.39045274177285,2.91340836000786,0.050848567764671,1.73611556510375,0,0,1.92780513570558,2.22105533138838,1.20206503278434,2.81785380847814,0.0491808300031353,2.79014410612021,0,0,2.08118061950283,1.56317923238424,1.74754453430454,5.85111719201883,6.42011038358013,1.18251511612718,5.34989910389427,0.547127216460252,0,0,5.24962916382872,1.33274681659894,3.09377389128844,2.85859704347949,1.05470902326834,0,0
1.11027865097688,1.47198004289736,2.4223341486531,0.0451156455057242,0.00416079403397147,0.0375238835730052,1.27130355211427,1.22884697350777,2.23521706978861,2.75667455902634,0.0481130495272336,1.9120269917797,0,0,1.94085771314741,2.21314113645569,1.22121784738531,2.89566734348307,0.0505389291523729,2.4674564263693,0,0,2.29952623746552,1.51410363665995,1.6327253218611,5.97135566798223,6.13488102863432,1.21277696289742,5.11875109444648,0.536748745091584,0,0,5.6087095828118,1.23288488574232,2.60038675294807,2.74693249738169,1.03886511909787,0,0
1.24032190124726,1.42348710241231,2.28702382256838,0.0448365655757498,0.00426501105552558,0.0377014147103373,1.08907961320552,1.16250912046421,2.01076303671581,2.50875586944967,0.0437860470946591,1.98385753113806,0,0,1.92140880665154,2.20429905954853,1.30874048652013,2.90992087516004,0.0507877017813574,2.08026284039641,0,0,2.5022027769042,1.47656817089833,1.56661304078045,6.05311631849911,5.89242903255961,1.69702224268957,4.93239358734917,0.506558369378125,0,0,5.90724804431969,1.25463874045466,2.25620082041826,2.64148963325869,0.963237235702047,0,0
1.1685028064293,1.34090228865779,2.15623250846624,0.044575125851433,0.00428920975627448,0.0378693550889563,1.03006319104597,1.07981193391931,1.71025455642895,2.2971415170061,0.0400926784036838,2.0052455936228,0,0,1.81939185865326,2.17946800400657,1.52746778473141,2.89626780960913,0.0505494139477595,1.72214277978716,0,0,2.40666221403835,1.40139935676631,1.62062558418678,6.04073253841961,5.4451014031573,1.7758764520047,4.7712542431107,0.547553059631859,0,0,6.1726232260314,1.29826924347325,1.83458178523673,2.5604141408563,0.948847331350363,0,0
1.02449524335915,1.24152837625107,2.0249382670731,0.0444810226045218,0.0047037380633341,0.0380514532681722,0.743182649783627,0.915989111498989,1.30991150778631,2.21489242574616,0.0386571625878252,2.22550696121391,0,0,1.99616718619393,2.11239640938504,1.88596874570622,2.91290898875346,0.0508398572391709,1.4067303723781,0,0,2.08290504382347,1.26403597881648,1.75119376797924,5.85938182779425,4.93066558929205,1.87853247476514,4.55125943901143,0.657827375933961,0,0,6.4342471203546,1.34708654127314,1.40640476654055,2.73735531525492,0.911258531650475,0,0
1.0003986971897,1.18028316522373,1.91885589164895,0.0441638882494719,0.00494234867824286,0.0381054002602087,0.497716359714513,0.868365278792886,0.98869070348519,1.97401573093233,0.0344530745205891,2.16612325408561,0,0,1.80614207995011,2.0520937032265,2.23069483382738,2.81167306530785,0.0490729555446433,1.02423294946452,0,0,2.12940503356139,1.19127596910973,1.90411680257794,5.64489780878017,4.2577259781332,2.84459024370486,4.4268001481507,0.838175910397909,0,0,6.72679006370529,1.3204142267541,1.05530133876145,2.49135656036838,0.793957065552829,0,0
1.07006007223521,1.08683472968235,1.81364798056359,0.0437631482149714,0.00475870921621268,0.0381199629245905,0.71652318792241,0.854561600849002,0.890671442935183,1.57811291320119,0.0275432654804744,2.05616511252822,0,0,1.48841291484619,1.98952929441392,2.5626764658517,2.69954154943398,0.0471158893678124,0.713122016994772,0,0,2.31420702794474,1.13511852689324,2.06414318581192,5.55758710523963,3.80726864475711,2.66837370266324,4.36478009333949,0.912877791490042,0,0,6.96677668963942,1.40684275624042,0.724937047019889,2.08938674726827,0.771019074181827,0,0
1.09330797036201,1.00481783586099,1.73351868034584,0.0435338885785198,0.00503221820526919,0.0381496531293586,0.783292914230479,0.806946323477253,0.880209364955541,1.32123490895224,0.0230598974005823,2.05128549015145,0,0,1.310492837785,1.92035513376546,3.00849152700031,2.52317538133394,0.044037714291556,0.320550343619592,0,0,2.36549777087291,1.05619447360138,2.24810197303122,5.44467727246976,3.46314838401344,3.21743199342324,4.30783809896902,0.975666206345823,0,0,7.10384924573921,1.59024744454199,0.737784017705215,1.88951593392876,0.581128957391894,0,0
1.22087872157941,0.888177958701612,1.67698090789757,0.0434429934262775,0.00523290620058899,0.0381173573618814,0.897002563082016,0.842523641884952,0.965393784576562,1.06238918224208,0.0185421898927511,1.99640924430399,0,0,1.39949999636849,1.79699324463774,3.55982677578276,2.3497786137163,0.0410113711228807,0.346636817606704,0,0,2.46992864188999,0.967526070945392,2.43358746687475,5.22575260438024,3.47934553359821,3.78852497386242,4.08500975562581,1.05649355198665,0,0,7.06062403875953,1.73230618949088,0.850133734280748,1.7826407346114,0.563680832813645,0,0
1.04498346490469,0.749300067608486,1.73294242569005,0.0432086919138236,0.00512919268723803,0.0381235038052215,0.779776344090515,0.692573269860797,1.13813260930922,0.854273677149501,0.0149098933717622,1.89481197263485,0,0,1.18110720841218,1.72820869064676,3.84918555695096,2.1901779674503,0.0382258189718934,0.45988829981105,0,0,2.22538700047262,0.87680135808093,2.74616095164798,4.92333042521401,2.79808051921976,3.56699715065564,4.02877187462749,1.10864081847828,0,0,7.27335535956686,1.91155818004319,1.59140728167931,1.70467119800433,0.740384143985521,0,0
0.945563102432891,0.680815066452609,1.87634523721763,0.0427402867798869,0.00497852587231036,0.0381478579990375,0.99184521315262,0.600812602004345,1.55500552774649,0.658992889101719,0.0115016006235261,1.87087962208584,0,0,0.738106220715065,1.80403170234422,4.08583324773123,1.88858973800244,0.0329621101983365,0.511631027353674,0,0,2.14218253976624,0.994302122055501,3.10069857108034,4.80137143222698,2.05481911511482,3.03528041649115,4.09581383719442,1.04272489750997,0,0,7.53722830930439,2.14740977504503,2.10065987420478,1.48509135100173,0.93310661561224,0,0
0.900803966196732,0.599516353548825,2.00864993589323,0.0424352957353151,0.00499868329993918,0.0382358987430222,1.05897968440301,0.534490150066282,1.8095074705871,0.597545215571108,0.0104291334939913,1.80876069673156,0,0,0.500575488186076,1.82624636546288,4.19807956832821,1.52762051058661,0.026662007618626,0.626537098262655,0,0,2.08420729472481,1.07121611451833,3.34495762202167,4.61097153827218,1.74593880075083,3.15562651057696,4.18152816377081,1.08172834387579,0,0,7.71979195875172,2.32226762633283,2.37481719128564,1.37389146764766,0.986180460398619,0,0
0.916982794804916,0.513894376276043,2.06145990634794,0.0422605483846196,0.00506321515205499,0.0382644804563939,1.12329087339588,0.487323651206266,1.72687337142785,0.487661331105569,0.0085112942488566,1.6109234712845,0,0,0.509432771295923,1.75177442560448,4.14457500921517,1.28849974396528,0.0224885643616351,0.568200726516172,0,0,2.05504060676783,1.03262478902926,3.44831242304961,4.48451765958208,1.93744743869768,3.23229076490383,4.21129531045327,1.04580852791093,0,0,7.810718834612,2.47328336197327,2.52814736554224,1.32004705105414,0.912490902980014,0,0
0.982900095654253,0.308661303408504,2.16753386186679,0.0421176341399018,0.0051339229277387,0.0381593137275626,1.25653967755377,0.485557238673758,1.8237471383911,0.549833935372425,0.00959640971092997,1.56512499128452,0,0,0.545584004394445,1.5738790482928,4.13194887314781,1.10182146117541,0.0192304139323581,0.903727417226557,0,0,2.10169800310829,1.10065285408151,3.67288219078731,4.52215963855015,2.05357679996098,2.94933955398348,4.09317885379435,0.889299993005017,0,0,7.83660240457324,2.68731098826391,2.69580287812746,1.26563847073344,0.726806568162091,0,0
0.982942042650144,0.195163234858188,2.29289190443889,0.0419362678778299,0.00520278473694738,0.0382725201476493,1.27614924651502,0.493916965484821,1.85032422077792,0.636185291603298,0.0111035266334313,1.38359004493858,0,0,0.562856524025108,1.5330119375738,3.9105316901949,0.811106153622386,0.0141564735662005,1.02130648699474,0,0,2.08613846607705,1.20720379274008,3.80262771447157,4.50139760266956,2.42502701367703,3.54856453758794,4.12014477076736,0.844799359819659,0,0,7.84861860859288,2.80011111178965,2.9745375407477,1.2916769891601,0.563823293659884,0,0
1.08114241063295,0.118224175221829,2.4388109944772,0.0417445475785975,0.00533349039666828,0.0385358311468979,1.39890270975474,0.398321673388377,1.95513888847913,0.823458288647474,0.0143720603109048,1.71759596485625,0,0,0.699499367497841,1.56185141425387,3.69728487549635,0.760123308391842,0.0132666522972212,1.07112661574797,0,0,2.14745664822853,1.31566432937399,3.95886377214691,4.33741473218085,2.48560361970912,3.36243649182201,4.16542082804152,1.0053329143387,0,0,7.79842934438839,2.87472412832028,3.24909456667839,1.32691411940327,0.509797777171347,0,0
1.14387544764476,0.114467149557529,2.5170787535934,0.0415926108895886,0.00538711663520777,0.0386097242648822,1.5226122096428,0.441350861282817,1.86586537611067,0.917500815484866,0.0160134098013664,1.76924701664995,0,0,0.897776461768138,1.48538678124853,3.31436931746169,0.597194408246107,0.0104230046664021,1.19081271265869,0,0,2.15590869945977,1.41466955378303,4.09518665245144,4.20104408776647,2.56487952055378,2.56850593658097,4.28794934554932,1.13048558516667,0,0,7.75142872862244,2.94868468236978,3.52184141491957,1.37792490828127,0.522703125882306,0,0
1.07383529967513,0.141416287709991,2.5098272686333,0.0414921784403028,0.00524453116839845,0.0385761134076195,1.47575075240703,0.605510787119691,1.54071496007678,0.862037232908674,0.015045382268994,1.12587488514097,0,0,0.982089723753551,1.32504167572635,2.69298562084557,0.351374491385164,0.00613263779473882,1.18023321015618,0,0,2.04530799243016,1.40490853803827,4.1185672238613,4.1879173573862,2.87554441856479,2.1832443165665,4.46548645477303,1.17996313788404,0,0,7.72566118287014,3.00093281066961,3.70594669931646,1.50215968737777,0.515400095111151,0,0
1.08029852366079,0.267285484315812,2.57237351520724,0.0413900314719046,0.00509820098566076,0.0387439966953844,1.51079699175318,0.632848882471992,1.52686990653643,0.946850612678631,0.0165256579376504,0.865512863751093,0,0,1.03435118525041,1.27077307422719,2.26276661186879,0.3190648315107,0.00556872551387391,1.14358960181405,0,0,2.01896767368381,1.48492550273736,4.14611581570724,4.21803363811512,2.9539543019576,1.97736822969375,4.66778891994474,1.25508421495141,0,0,7.61007755354959,3.01081209356655,3.96130172679074,1.62111785328218,0.536098023367148,0,0
1.15056375319075,0.339622724045743,2.60575128566408,0.0412867467206365,0.00506196424951005,0.0389235576401109,1.60925751065942,0.66106065164153,1.55969402700629,1.00379485765141,0.0175195277346995,0.784270982726605,0,0,1.20212937282262,1.24494005841872,1.80458309764256,0.399432261874695,0.00697140610165019,1.10358652720423,0,0,2.04649179718257,1.51872259694739,4.1349410874057,4.29340864813933,3.06255791044893,1.78165989125931,4.87029724179195,1.32592347443388,0,0,7.4806959320034,3.04659444852348,4.15953869457408,1.78814308466032,0.571009620991,0,0
1.21583082641903,0.407233267855939,2.56917330146925,0.041322379221201,0.00515035467835562,0.0389546174739473,1.59657620295274,0.751091343055773,1.40679503147831,0.997141407553622,0.0174034050766926,0.907745380678239,0,0,1.34432530724312,1.15477426491385,1.34613919661265,0.536533381922088,0.00936427276072896,1.02935785626225,0,0,2.05715677009601,1.50418291828831,4.11584119574034,4.36928976409741,3.21467441779063,1.62992756185629,4.96902809887959,1.38073565966272,0,0,7.34225539296861,3.04094955278158,4.30155242319449,2.0856687719971,0.600999250742959,0,0
1.36141399090498,0.395954342288128,2.56050493120241,0.0413878568958299,0.00517926706746784,0.0389806382946967,1.77417573903766,0.838277938353045,1.39713255382847,1.0943007422663,0.0190991546170116,1.00048017593946,0,0,1.53496894348317,1.12397824770169,0.976340392577306,0.707408799429226,0.0123466122384813,1.06442310302051,0,0,2.18847138445857,1.47803016352446,4.07050782169592,4.54444023317927,3.21408829894805,1.45479968050183,5.03109146995337,1.39981414427913,0,0,7.11522118183391,3.00938974045346,4.39596867792716,2.33668500503719,0.635139521104405,0,0
1.49124890218265,0.364794013662009,2.62758813725537,0.041283415838718,0.00498588957511101,0.0392027002568552,2.06552353615485,0.82459640030966,1.68111148102371,1.17140549096708,0.0204448814950906,0.832333637894796,0,0,1.79546865761033,1.28620155989792,0.788995078004336,0.914432422265139,0.0159598545087293,1.10727807077259,0,0,2.29286738736707,1.42326685723156,3.99068557039767,4.69454646984226,3.18206922072062,1.4029379757281,5.28060429858151,1.4841943111748,0,0,6.88137579547094,3.05335994997803,4.539971811794,2.54712800254706,0.7069089328118,0,0
1.46950617472913,0.422992859337977,2.60723061218822,0.0413438388123188,0.0047672606554816,0.0393091294591962,2.03005007941743,0.825115509444038,1.65096395421154,1.16555101684318,0.0203427014786197,0.725413622071206,0,0,1.82966273224594,1.3520134018022,0.693722522114751,1.12878999615312,0.0197010990907046,1.10849753993186,0,0,2.22228740569922,1.38614776660627,3.91862362994759,4.78991388009297,3.18069789714964,1.29355605181843,5.40488318775623,1.55877011123751,0,0,6.6745520111595,3.0167705116496,4.70106356473709,2.86831585456047,0.802924368463112,0,0
1.62315616407643,0.348356462008133,2.5526409679262,0.041510132775234,0.00488118707538626,0.0392406937269481,2.14580812233301,0.970452434945389,1.55752479894114,1.16345096195631,0.0203060542615995,0.803203259195437,0,0,2.03934747486416,1.36026051035203,0.665062997521386,1.41809805384509,0.0247504790163372,1.17578789568398,0,0,2.36197226788259,1.28071072436798,3.80216455670435,5.08394734786491,3.1976032284552,1.91836478533063,5.25007214627284,1.41967971341807,0,0,6.44118332778747,2.98397659951646,4.47929679605381,3.26909494648648,0.86396821154972,0,0
1.76670968760738,0.296660894267391,2.50139299791209,0.0416971971794272,0.0049824922829207,0.0391198318493584,2.24957728530285,1.13182674335377,1.48107779348613,1.16736059421907,0.020374287695736,0.93031656878687,0,0,2.1901650631167,1.35306558347783,0.757111061663299,1.59092339998067,0.0277668508537294,1.16062362259974,0,0,2.46885706859722,1.16387654785174,3.63614579641772,5.21708561408476,3.37417643278957,2.57261003213674,5.09844916582835,1.26978675246749,0,0,6.22693337831149,2.97789249731797,4.33651016102149,3.75063720383778,0.926112268745633,0,0
1.8926180243087,0.230158779109797,2.4492280275633,0.0418255128450228,0.0049477304470659,0.0390219432996248,2.40711330717534,1.2216144724027,1.40416745904447,1.2696859157136,0.022160199947986,1.0801353702936,0,0,2.3269760331434,1.44593453221574,0.812340912220289,1.76022050089812,0.0307216418420001,1.22610141053193,0,0,2.59792453804577,1.05913528116581,3.4835266672631,5.34601748824949,3.50024350428015,3.09636708319536,4.93076853285937,1.1382352887918,0,0,5.99270654129346,2.97167803295087,4.24122602826564,4.06559833912196,0.993881896945072,0,0
1.72082052960019,0.262301021383932,2.51822313786167,0.0418678159663686,0.00448766875165757,0.0390199943040596,2.25533458368203,1.13966393538471,1.39512782731572,1.40133133175801,0.0244578448138391,0.991492716036441,0,0,2.10345772089301,1.52147239426747,0.8785086177607,1.80215226152598,0.0314534910694373,1.24637140836593,0,0,2.44698552844296,1.07809413837487,3.52514552030824,5.33085914552727,3.449263966168,3.31956877794107,4.86147670520927,1.09093418678858,0,0,5.74746023741488,2.90637742085079,4.3015936883452,4.09615466646074,0.998690224268296,0,0
1.65034233908211,0.347811224155889,2.55381943032495,0.0418951644134223,0.00396273589171608,0.0389640451899462,2.12167855076361,1.18728916387413,1.39173921106875,1.44903451619331,0.0252904260977225,0.951022417859698,0,0,1.93516033743612,1.64011422162512,0.97187801851199,1.67895649471716,0.0293033185221074,1.33176038451453,0,0,2.32176581523239,0.953348169743116,3.44310427461058,5.15567875495959,3.67842986850021,3.3343700721738,4.96732469352819,1.0699027688221,0,0,5.55783436480853,2.8713967476415,4.17667711117367,4.46484055051561,1.01551432683058,0,0
1.66327263713369,0.384558640562415,2.55208073982334,0.0419158185512222,0.00371989608781942,0.0388402105893456,2.08521203276339,1.24038996867361,1.33865966259783,1.64372526168711,0.0286884205340938,0.999343844287227,0,0,1.84347508329157,1.73042101522312,1.02151479185838,1.62399709024483,0.0283440946810576,1.38521273302593,0,0,2.31749400090296,0.841722675717929,3.35400818766178,5.04669137217929,3.87063225557745,3.53809811830544,4.85973963936104,1.02054984238563,0,0,5.41249924906445,2.86909198754359,4.00268198230864,4.76172404265576,1.02207812835513,0,0
1.81046272386322,0.34941347806264,2.55478124471151,0.0419410412884073,0.00379986529037958,0.0386662635436003,2.26336956361701,1.31687917307005,1.33965520538808,1.7869952987761,0.0311889524970075,1.02538694467947,0,0,1.91595458456164,1.82896455370383,0.95269895613849,1.54860064582906,0.0270281789518865,1.25734045720408,0,0,2.53547344320013,0.752576093990819,3.28083273938877,5.1380704143637,4.03690950786753,4.39909710466062,4.51711161195771,0.890715772160835,0,0,5.31026253345473,2.89217240967214,3.59804155143405,4.995422558482,1.02164786930696,0,0
1.80893131889479,0.387044408679644,2.57077314874226,0.0419436183998101,0.00353266023697291,0.0384974838285286,2.21987698029285,1.36448293225503,1.34424156763931,1.90181461774727,0.0331929274422104,0.99326718183249,0,0,1.7917104679587,1.93859097009989,0.90983604829854,1.34390723980404,0.0234556082485643,1.24169045262081,0,0,2.54550821116298,0.661492122697636,3.24361676280387,5.00645408644454,4.17794291892163,4.61856510093611,4.43140398113892,0.821499870472528,0,0,5.3036571479023,2.87522326501631,3.37103267896672,5.19354959963609,1.00883335797698,0,0
1.85913616651163,0.432156443670497,2.55940949644872,0.0418931285634951,0.00352454331679849,0.038356845467344,2.1871461049485,1.42062599940224,1.32068348512011,2.13671869337558,0.0372927782334356,1.04415431103596,0,0,1.72049217852853,2.04993209276239,0.894345629510015,1.25379493421825,0.0218828513073069,1.34305415149739,0,0,2.59086475499515,0.568396413077861,3.18536450871874,4.90646509178941,4.34348668709931,4.92430906202798,4.27001943217998,0.77237103892261,0,0,5.26578578013059,2.86040606550714,3.11635113308178,5.51229098809477,1.00611713822815,0,0
2.15698869043085,0.455120029274623,2.53163901924481,0.0417894994038661,0.00373700465623411,0.038229370612222,2.49121456057116,1.46936801870121,1.36491338341711,2.23835937198828,0.0390667424958703,1.2655447645902,0,0,1.91196794636962,2.15620682838423,0.868929127284872,1.14056785145221,0.0199066649876099,1.3229676108967,0,0,2.96501910282436,0.510723558124528,2.99904847099724,5.04174503458193,4.60389407526241,5.95208220566735,3.91679855429237,0.726508379294049,0,0,5.20607456894285,2.86214572325097,2.74839279780889,5.83981728630162,1.02568849841228,0,0
2.07880620176938,0.495884196390009,2.63518357877309,0.0415424582679636,0.0037146846506783,0.0382513109539678,2.45675589787142,1.44567479287307,1.53395730925755,2.40483706963386,0.0419723293699814,1.23302619189718,0,0,1.74826146305869,2.21826115081954,0.855146621322452,0.967760907771742,0.0168906142966828,1.32417093251976,0,0,2.92656466503673,0.517853660345772,2.98746415153249,4.88589341727171,4.32866184047604,5.409613277197,3.78483191849205,0.656320140350412,0,0,5.32188393387007,2.86637743497957,2.43826230548929,5.36324560194829,0.977875243823535,0,0
1.98792584370593,0.548620120416299,2.68093939333012,0.0413371611499777,0.00402721527582476,0.0382716872617583,2.32842098165005,1.45053563728345,1.61638022761492,2.70325653001914,0.0471807300542657,1.28741734112597,0,0,1.63505328851858,2.29416103430512,0.883363695300447,0.958623030274455,0.0167311250827867,1.50799496788617,0,0,2.80811752956831,0.529470836480641,3.01131977187858,4.70854906508769,4.1696406237338,4.91776441917388,3.66866841149276,0.62258501051301,0,0,5.41544508287005,2.85158258443306,2.19689506418664,5.28857774585303,0.958012537496271,0,0
2.11112516543991,0.555581316657489,2.75949001827826,0.0411698859978035,0.00417787109960732,0.0382678734482162,2.37629127156175,1.47123154832382,1.72422128877659,2.87967943488129,0.0502598860752246,1.39009637627854,0,0,1.6991924453948,2.34012598973123,0.944523038192371,0.884865204818843,0.0154438059498012,1.68684898856349,0,0,2.90893631426815,0.495704335955167,2.90014138333806,4.73188578758797,4.07009660918423,4.78501642043707,3.59812630088302,0.623091673185996,0,0,5.517531570615,2.74294216447655,2.07912354243133,5.53576025935704,0.973424070703224,0,0
2.27201090947175,0.489588085317504,3.00454190673137,0.0409883070228575,0.00423686368665459,0.0384518890692461,2.55758175065428,1.40120119968289,1.96503650541395,2.9810756085155,0.0520295818304582,1.41457089738798,0,0,1.80815314950782,2.30678636649321,1.03745747662964,0.827760709788048,0.0144471498423115,1.70398756731338,0,0,3.07962584890325,0.336906257489123,2.78234053995183,4.79780998961051,3.65197879934068,4.76998097206081,3.72338835373706,0.708729169227598,0,0,5.65824685303859,2.54872964396129,2.20542242407615,5.5523417616342,0.975161442578229,0,0
2.14586842114835,0.553049016783782,2.98829002742184,0.0406213595017431,0.00468881880704334,0.0385454845936727,2.24620849567889,1.43101923125081,1.94880812160768,3.25445776022763,0.0568010015417968,1.48023071076049,0,0,1.73164735810179,2.39259795172397,1.10602628860107,0.819380772744175,0.0143008939778101,1.99343727266561,0,0,2.84863088471504,0.514624173208019,2.75089355374446,4.65499888219337,3.85517727824495,4.35747461794722,3.58240764493719,0.771103889671884,0,0,5.80478915637061,2.69025957787044,2.12688131578246,5.93150051243978,0.967264834264095,0,0
2.01383875850476,0.636552361342164,2.96634854142735,0.0402085391751959,0.00515598202477636,0.0386399346701647,1.95649515685293,1.50675979170699,1.94326195672985,3.54557030332507,0.061881875692337,1.65887962553296,0,0,1.71772727070749,2.48593736930207,1.15564099912218,0.809277567666002,0.0141245575122781,2.26890690386516,0,0,2.60384154357765,0.722780960585902,2.70246380411506,4.51047364560074,3.95921218185956,3.81204159206636,3.6407233693404,0.899205104871545,0,0,5.97194061074308,3.03607533712096,1.86919104616672,6.17665643817912,0.93463766611145,0,0
2.08489766242246,0.684404047229811,3.04313032171457,0.0398039396332144,0.00533871617871595,0.0387954102607183,1.93872704216798,1.54361941527112,2.00307135467239,3.73054080570465,0.0651102229443695,1.82096758415239,0,0,1.90460017079085,2.51676647334705,1.25157874279559,0.730357957298387,0.012747148329735,2.41669512947408,0,0,2.60758806803291,0.835708036380401,2.57671484942968,4.61280628113604,3.93105328146546,3.73807174696954,3.89298548343439,0.952267614559323,0,0,6.00137643498885,3.31949634548916,2.07384220675086,6.05317593203045,0.92975663184711,0,0
1.95022162985779,0.644480805535496,3.13826794343799,0.0394355755586295,0.0059082926091075,0.0389856748153711,1.70766827319221,1.52702298122548,2.08870267620067,3.99010266646995,0.0696404282366598,1.85912584108938,0,0,1.85325347500997,2.49961839542851,1.53343823259558,0.714629798019021,0.0124726398663911,2.79765550209161,0,0,2.36506770125245,0.877531111587985,2.49167990308356,4.66149014548487,3.73721292724069,3.1119498544136,4.07003024428102,1.04361408054441,0,0,6.0007438693094,3.05336074630874,2.01333846240961,6.29407312496133,0.935874981517867,0,0
1.87165170928086,0.622934138180397,3.22086310395453,0.0390205564995082,0.00635089131410798,0.0391919945223421,1.64272167769674,1.52711594011985,2.17893834079128,4.25702840468337,0.0742991561043598,1.89049445089658,0,0,1.94245233881198,2.47588425264935,1.81242854613232,0.672998556752163,0.0117460362773531,3.11452011525164,0,0,2.16458846431003,0.936309773372227,2.42161233655274,4.66890931453538,3.62169576057186,2.60245807729938,4.30268988733054,1.23369140860427,0,0,6.00365350581111,2.93283001839026,2.69909371117185,6.32856207187484,0.938511346288237,0,0
2.12252874341395,0.666607556378092,3.28293354869674,0.0385379479379697,0.00628542567654343,0.0393322514746945,1.84349015234623,1.58943203253234,2.25099746033808,4.44613805072382,0.0775997456893724,1.97986256855593,0,0,2.29657953424679,2.4741420082435,2.0600737031296,0.527087948099147,0.00919941669704689,3.25822252474726,0,0,2.39143398105769,1.02163655733366,2.32684581234892,4.8799667166712,3.63068008138792,2.60798853597785,4.49636955764351,1.24195943679837,0,0,5.80704980960587,3.34450500600714,3.40007495068792,5.66356803133705,0.933777883475083,0,0
1.87985006002169,0.64561359364535,3.33166771377779,0.0381723938179994,0.00692371411781146,0.0394567273094423,1.44549671738193,1.59105948337269,2.33768444473356,4.74597754267117,0.0828329339367316,2.01620981752848,0,0,2.1493109433584,2.45144666393424,2.25832116866044,0.523408948736325,0.00913520918460005,3.69180370684057,0,0,2.05918728429541,1.08293943548938,2.24374542968618,4.99317058064319,3.61504162231115,2.35460632317443,4.58020278751677,1.2225658372612,0,0,5.71644885430387,3.17830970450929,3.27787850073067,5.88755246950506,0.929232122924822,0,0
1.71731731136291,0.62180722868358,3.37318860103661,0.0377499713005138,0.00738194559938844,0.0395952587716488,1.33769147770484,1.58666599187946,2.43116059549719,5.02688954658773,0.0877357729383093,2.04955884739034,0,0,2.15977115545485,2.40730178015456,2.39920052355504,0.561062911272114,0.00979239442194049,3.97617164455223,0,0,1.76315968389843,1.12312641456302,2.17818516902673,5.03540499880774,3.6225151355865,2.21685553872804,4.73293161167036,1.20593924364194,0,0,5.5881308757939,3.18557548882586,3.48020550512473,5.95388902143527,0.908493746048136,0,0
1.92567116389568,0.617413275539304,3.41013881712012,0.037225040589397,0.00721241540787575,0.0396965823670363,1.56503210687405,1.63542876824692,2.48519705811303,5.19425710915979,0.0906568871275623,2.08102642597135,0,0,2.51133137436037,2.32926426542635,2.53573536766227,0.63936480401284,0.0111590166165957,3.8852954869769,0,0,1.84827165115345,1.12332227339523,2.19656515913434,5.04457599702497,3.63675358639865,2.37052486323244,4.91312169111804,1.20508329631338,0,0,5.32705094392691,3.68207972996083,4.32774157654719,5.45944694839829,0.879332579445093,0,0
1.95212384433761,0.604249050012832,3.38125675294946,0.0368049635192866,0.0073050849421171,0.0397273297548577,1.60017370185268,1.62615258824933,2.56044963472542,5.43860048653906,0.0949214869872621,2.07697646950232,0,0,2.66983743924201,2.25663219069182,2.55969346437619,0.737219527772105,0.0128669078792655,3.95737790917619,0,0,1.74666918947527,1.12469094583024,2.13694711647872,5.04905315114197,3.69670169466126,2.53997882543641,4.97933261045853,1.19629273139466,0,0,5.17084746593003,3.88629955240169,4.634122218064,5.28338780731177,0.85054721141881,0,0
1.89399425097064,0.595939109465674,3.34502110914054,0.0363937426173338,0.00749098718163251,0.0397458270304298,1.55810352385764,1.62015779368642,2.60713494999196,5.7028729281801,0.0995339152578736,2.06684193460787,0,0,2.70049178233418,2.17516002226286,2.49737248890009,0.867575141491877,0.0151420466057207,3.99200951946212,0,0,1.58312023388165,1.12566081125933,2.04918421608894,5.0342592349507,3.78111044360145,2.68889967176131,4.95068602632835,1.17014351464818,0,0,5.03829357235678,4.02761689019709,4.85657466267243,5.1614719677654,0.833620993660046,0,0
1.8620400171565,0.589582205531466,3.34568091118201,0.0359792226252095,0.00753541898782371,0.0397715309654499,1.22303048359963,1.66934928699027,2.60617196583429,5.92277679334712,0.103371958406851,2.05721506770261,0,0,2.78008945977772,2.06285462253267,2.3376431347523,1.10170137539767,0.0192283180309066,3.95282846052874,0,0,1.65502756753028,1.11788529512032,2.07138986559945,5.04156773150411,3.86425135734809,2.87233210778648,4.85753506863871,1.12922094729634,0,0,4.93154127034895,4.1452286783419,5.02458445882882,5.11193032308468,0.864352677615375,0,0
1.64767898222988,0.590394699927877,3.23980321571857,0.0356070581870971,0.00780119665247573,0.0396784275064666,1.17628932974299,1.62352055675457,2.61659130812576,6.16950604416506,0.107678192493893,2.0518718521223,0,0,2.59248970400259,1.94907224575036,2.09168100859373,1.16332693027982,0.0203038871183945,3.90368100972547,0,0,1.37606111725404,1.09577916956522,1.96116643460718,4.90589974690101,4.0175295512124,3.08285141243486,4.65544683767998,1.05285163976266,0,0,4.84608987446745,4.25914345118623,5.18964841454915,5.00599387657519,0.849716966742631,0,0
1.52982212225923,0.605815235975931,3.10522703862946,0.0352192959872927,0.00794873568779862,0.0395650029211797,1.38995078330324,1.54211472900934,2.61749472336801,6.38476796143821,0.111435220764751,2.03333321271618,0,0,2.50476535454347,1.81887950257575,1.76693924455826,1.19061115012445,0.0207800866939594,3.79991196083454,0,0,1.00963852158001,1.06117544475283,1.8187888913811,4.70395184732668,4.20792658404852,3.31049427253483,4.51630409809946,0.986044425053558,0,0,4.76311585941599,4.34654769209309,5.26888894536254,4.91374938014297,0.831751447187763,0,0
1.64184262698437,0.64181018996836,3.00022207857526,0.034844921821372,0.00760372174593874,0.0395370622829389,1.22735450785029,1.46110293183061,2.61805213530733,6.48845440488854,0.113244889758271,1.99883671975429,0,0,2.66413326557892,1.61762924665629,1.36545814384298,1.31160606899499,0.02289184216165,3.67570799731911,0,0,1.13884859454229,0.973859259778821,1.78767597246197,4.63996426800391,4.39244640604328,3.57746858725006,4.37954542355058,0.915952978311522,0,0,4.82257762055261,4.39740686106763,5.4283755042183,4.74288711416783,0.859005010288129,0,0
1.3609621327157,0.73660563665411,2.87305756882129,0.0345714424107489,0.00780461015893702,0.039389472425256,1.20545833050779,1.3941111256245,2.56316404295842,6.61591305633699,0.115469461770767,2.1153478427566,0,0,2.44299771069788,1.45998058442665,0.960684872089309,1.41096788734023,0.0246260328036738,3.56114665161701,0,0,1.10682632743947,0.980174260565926,1.72729161241249,4.49051956999774,4.62926597922688,3.71586002260519,4.07706728576438,0.816803750952288,0,0,4.94794470275922,4.49743820023915,6.06245816426461,4.74353591434388,0.90145691163037,0,0
1.32109352764981,0.85000527723068,2.7364390719432,0.0341887308288091,0.00765606633009865,0.0392363853453075,1.31283750945593,1.27822757906494,2.46662300378597,6.65279417951028,0.116113159758462,2.03725031254775,0,0,2.39774394243911,1.29649577633316,0.477695940776179,1.46398649359451,0.0255513825273593,3.26272839796654,0,0,0.991901587000997,0.973476731158556,1.64558737728841,4.28621251109519,4.83901840128298,3.87587530812454,3.89693876144031,0.748585744324478,0,0,5.04986140425424,4.53829992837508,6.11402268712408,4.67985868062639,0.918477838723885,0,0
1.65807162383783,0.949639721233763,2.59878400211254,0.0336697251540064,0.00702243474302405,0.0391070605160035,1.4694648240845,1.08454506176983,2.35392108504476,6.56135440343315,0.11451723784415,1.70408281568193,0,0,2.61257895165964,1.12712977582249,0.265493643653617,1.43912236408419,0.0251174196320002,2.76797413286428,0,0,0.558031989944093,0.910152501263507,1.53931826535698,3.97522057564178,5.02509488112406,4.07459189140274,3.92045805432439,0.70646157688405,0,0,5.08449794573986,4.53811471992392,5.15295481145268,4.52095983119833,0.878970868021655,0,0
1.33235629855611,1.12990888009993,2.50006381753542,0.0335772835070665,0.00711985397490016,0.0389026482088159,1.42201525726126,1.09013994400062,2.47975703523106,6.41964610293449,0.112043962079707,2.10835410100868,0,0,2.2729485699041,0.997234035111751,0.608078551052806,1.53660837582071,0.0268188749464022,2.80839093394957,0,0,0.729512518291348,1.05605537772424,1.52088262349209,3.67915071775592,5.29473028683736,4.14668769809187,3.5863826528436,0.616252302089486,0,0,5.1701187693539,4.70544834740004,5.89649331164803,4.52305526508701,1.04236474007499,0,0
1.21335184437623,1.31682651341073,2.38017993739268,0.0333490433793022,0.00691999667248234,0.0387246300541455,1.34228185637292,1.08219120696942,2.5588452275431,6.15972706005722,0.107507517463373,2.12460336411105,0,0,2.11082290263679,0.890525161715572,0.953216951896669,1.65618356186847,0.0289058592415449,2.63107387360911,0,0,0.903830405721151,1.18122857267383,1.48415269037733,3.35361700514351,5.53052144500482,4.1929230928049,3.30498417512162,0.580033434617053,0,0,5.3505684154735,4.75198148200183,6.11534182104389,4.39683769216589,1.14227323215597,0,0
1.32659657275876,1.48244724371083,2.22913378927683,0.0329414982742416,0.00636990326708293,0.0385940577547839,1.11850691895661,1.02914764234718,2.56108442388782,5.78893790856531,0.101036023245193,1.61245314299881,0,0,2.05508912941498,0.873985404480398,1.26155710975171,1.81190675208172,0.0316237418447335,2.19018576562306,0,0,0.490189983452231,1.25016858835488,1.39473282874771,2.96694566031832,5.75906693610636,4.15863525029546,3.1441652249881,0.624009700827658,0,0,5.67084681570019,4.59552908357376,5.1583592641162,4.09723338771209,0.995699983880323,0,0
1.29221485497258,1.61461359224682,2.15840134498929,0.0326749128518285,0.00604712261934717,0.0384937251157632,0.998514614912557,1.12019379492263,2.65681974683955,5.35046901389865,0.0933832990470641,1.42425732450646,0,0,1.97180044015828,0.959844643076282,1.49936990205222,1.98748813851512,0.0346882146216945,2.0254691920776,0,0,0.617028858700343,1.36543718819682,1.42513027057418,2.5799763912226,5.9980641122515,4.08748366423785,2.99973990608019,0.707496691579409,0,0,5.93260447349978,4.39045343813891,4.81269920782618,3.91479515742208,1.00436322704808,0,0
1.28088802536249,1.72091052655283,2.09893511532732,0.0324343988879905,0.00572152183120127,0.038413022924098,0.913653217529629,1.23666300794247,2.77461017132239,4.86329488185981,0.0848805051830387,1.2622643113806,0,0,1.9107201534038,1.07327184433625,1.68240447175019,2.20381328637204,0.0384638002633961,1.97357513643912,0,0,0.7582554010167,1.45342824164295,1.49968276193931,2.18858052559014,6.24434109398004,3.97596349888543,2.86561360516491,0.833921529737317,0,0,6.25272038728531,4.11407801252885,4.68496068738249,3.70167427412187,1.01661600277136,0,0
1.305430939986,1.80084130015651,2.04504554693207,0.0322321239056378,0.00539365315133988,0.0383421931070044,0.886417540630073,1.36199803355384,2.8698118155717,4.34417846667907,0.0758202103355822,1.09852340672668,0,0,1.86477832804303,1.19863978402013,1.77792156250793,2.50433862359861,0.0437089567065026,2.04875736377875,0,0,0.84759194031405,1.50928255285267,1.61128484347368,1.77397303821114,6.52010141674123,3.83028082087815,2.75266223291553,1.03903161491293,0,0,6.6616031470037,3.7381300684637,5.01423409875189,3.44185370768619,1.03928843773879,0,0
1.33521731580752,1.81546231188546,1.93274362622522,0.0321105064206003,0.00515322513837252,0.038210871451004,0.937186127252876,1.37108734486462,2.94908300527202,3.8179457634964,0.0666357206998069,0.903699184909357,0,0,1.77001241208285,1.31607158985594,1.7676012554045,2.74380898941827,0.0478885034184756,2.21688679342611,0,0,0.882503843600458,1.49456061139348,1.52226192002016,1.3585425240513,6.84167026132486,3.89946780703689,2.70322258728292,1.06933060665714,0,0,6.70535305342977,3.89720183845918,3.61874660746362,3.22739287653994,1.23581479061251,0,0
1.35564287565929,1.82367770944659,1.91337071570134,0.0320056709421257,0.00493672315872547,0.0381722880708161,1.02187645939018,1.43947479921113,3.03263494791961,3.22576595054666,0.0563002343363315,0.740504546656983,0,0,1.69097248368942,1.41692826064036,1.75617337695778,3.02434844810387,0.052784841074706,2.5225249467611,0,0,0.975488423849496,1.49940650920471,1.54002866404983,0.954782925638504,7.12039249616002,3.97129766816011,2.68391967145026,1.11561817173658,0,0,6.81008437273204,3.98389292359179,2.84404800961028,3.04379556471856,1.44912131245418,0,0
1.35864985034071,1.83561250264538,2.03825491945837,0.0319203099895403,0.00472885408621266,0.0382816200629924,1.18217652726949,1.60350084160894,3.13457151665259,2.58432261113744,0.0451049349487141,0.966399220157767,0,0,1.62972955213776,1.50311878615409,1.77463553091052,3.36194753568922,0.0586770572009221,2.91665235684742,0,0,1.11525591370396,1.54250129429702,1.73006543200368,0.56815119008861,7.32841163596406,3.92336719361046,2.68004658559214,1.22785753357707,0,0,7.07395999270083,3.75826908242921,3.24973753281362,2.90813294635202,1.55781600811936,0,0
1.36712480979419,1.83631780773627,2.03959770060257,0.0318899726426693,0.00450102525562562,0.0383065787047093,1.34285738417492,1.61033099105986,2.93448201362511,2.13638399434227,0.0372869344571484,1.05850716686218,0,0,1.56512383883281,1.59037890373316,1.48064484768197,3.63143225806487,0.0633804521971597,3.16009260339358,0,0,1.20628952457844,1.5602519491429,1.8072627167992,0.225265403643073,7.53176396411545,3.94712412060027,2.63407420159594,1.26036203972038,0,0,7.24067715228751,3.69604530504347,2.78396441921575,2.67390927202233,1.66416280533909,0,0
1.32424162408838,1.84285242428928,2.04981358844166,0.0319408093061301,0.00431750273123766,0.0383169520221198,1.44531111195732,1.62248236894732,2.81923667276163,1.91623257368377,0.0334445694936575,1.13320995337329,0,0,1.47823123892591,1.67594354473767,1.28044046582633,3.90460986069665,0.0681483017005944,3.53318012844151,0,0,1.25782638666477,1.6025543069122,1.87080665177292,0.272400416721613,7.691822132234,4.07710076012979,2.63493735699459,1.29519386043277,0,0,7.3810560398318,3.7191119707958,2.93483204693293,2.50668643036579,1.73639862615817,0,0
1.2294817659572,1.85741210989461,2.07591652112875,0.0320733390802574,0.00417187957157609,0.0383240526978346,1.48873147533057,1.64887826157965,2.80439368335944,1.93163314830072,0.0337133572032965,1.20225279124025,0,0,1.39802892319693,1.7614160124152,1.20279631074268,4.18097161800011,0.0729717273142585,4.01907006184101,0,0,1.26956272233935,1.67208719836264,1.91179931035453,0.638761549851805,7.80112762001594,4.22026400102414,2.66601761525006,1.33663990804607,0,0,7.49710940577457,3.75216046499129,3.08405533294577,2.41703568004455,1.75530364204311,0,0
